IntervalEnd,Quantity,UnitOfMeasure
2019-11-01-00:15:00,0.12,kWh
2019-11-01-00:30:00,0.21,kWh
2019-11-01-00:45:00,0.22,kWh
2019-11-01-01:00:00,0.23,kWh
2019-11-01-01:15:00,0.22,kWh
2019-11-01-01:30:00,0.25,kWh
2019-11-01-01:45:00,0.23,kWh
2019-11-01-02:00:00,0.24,kWh
2019-11-01-02:15:00,0.24,kWh
2019-11-01-02:30:00,0.24,kWh
2019-11-01-02:45:00,0.26,kWh
2019-11-01-03:00:00,0.23,kWh
2019-11-01-03:15:00,0.38,kWh
2019-11-01-03:30:00,0.75,kWh
2019-11-01-03:45:00,0.22,kWh
2019-11-01-04:00:00,0.25,kWh
2019-11-01-04:15:00,0.23,kWh
2019-11-01-04:30:00,0.22,kWh
2019-11-01-04:45:00,0.14,kWh
2019-11-01-05:00:00,0.17,kWh
2019-11-01-05:15:00,0.24,kWh
2019-11-01-05:30:00,0.23,kWh
2019-11-01-05:45:00,0.22,kWh
2019-11-01-06:00:00,0.24,kWh
2019-11-01-06:15:00,0.24,kWh
2019-11-01-06:30:00,0.25,kWh
2019-11-01-06:45:00,0.24,kWh
2019-11-01-07:00:00,0.22,kWh
2019-11-01-07:15:00,0.4,kWh
2019-11-01-07:30:00,0.87,kWh
2019-11-01-07:45:00,0.67,kWh
2019-11-01-08:00:00,0.25,kWh
2019-11-01-08:15:00,0.22,kWh
2019-11-01-08:30:00,0.28,kWh
2019-11-01-08:45:00,0.33,kWh
2019-11-01-09:00:00,0.35,kWh
2019-11-01-09:15:00,0.3,kWh
2019-11-01-09:30:00,0.39,kWh
2019-11-01-09:45:00,0.66,kWh
2019-11-01-10:00:00,0.56,kWh
2019-11-01-10:15:00,0.58,kWh
2019-11-01-10:30:00,0.59,kWh
2019-11-01-10:45:00,0.65,kWh
2019-11-01-11:00:00,1.04,kWh
2019-11-01-11:15:00,0.56,kWh
2019-11-01-11:30:00,0.54,kWh
2019-11-01-11:45:00,0.55,kWh
2019-11-01-12:00:00,0.77,kWh
2019-11-01-12:15:00,0.81,kWh
2019-11-01-12:30:00,0.82,kWh
2019-11-01-12:45:00,0.65,kWh
2019-11-01-13:00:00,0.68,kWh
2019-11-01-13:15:00,0.67,kWh
2019-11-01-13:30:00,0.67,kWh
2019-11-01-13:45:00,0.69,kWh
2019-11-01-14:00:00,0.62,kWh
2019-11-01-14:15:00,0.55,kWh
2019-11-01-14:30:00,0.77,kWh
2019-11-01-14:45:00,0.83,kWh
2019-11-01-15:00:00,0.17,kWh
2019-11-01-15:15:00,0.17,kWh
2019-11-01-15:30:00,0.17,kWh
2019-11-01-15:45:00,0.19,kWh
2019-11-01-16:00:00,0.18,kWh
2019-11-01-16:15:00,0.15,kWh
2019-11-01-16:30:00,0.18,kWh
2019-11-01-16:45:00,0.16,kWh
2019-11-01-17:00:00,0.16,kWh
2019-11-01-17:15:00,0.45,kWh
2019-11-01-17:30:00,0.5,kWh
2019-11-01-17:45:00,0.53,kWh
2019-11-01-18:00:00,0.5,kWh
2019-11-01-18:15:00,1.02,kWh
2019-11-01-18:30:00,0.9,kWh
2019-11-01-18:45:00,0.69,kWh
2019-11-01-19:00:00,0.69,kWh
2019-11-01-19:15:00,0.68,kWh
2019-11-01-19:30:00,0.58,kWh
2019-11-01-19:45:00,0.61,kWh
2019-11-01-20:00:00,0.59,kWh
2019-11-01-20:15:00,0.54,kWh
2019-11-01-20:30:00,0.56,kWh
2019-11-01-20:45:00,0.54,kWh
2019-11-01-21:00:00,0.57,kWh
2019-11-01-21:15:00,0.56,kWh
2019-11-01-21:30:00,1.21,kWh
2019-11-01-21:45:00,0.56,kWh
2019-11-01-22:00:00,0.55,kWh
2019-11-01-22:15:00,0.56,kWh
2019-11-01-22:30:00,0.88,kWh
2019-11-01-22:45:00,2,kWh
2019-11-01-23:00:00,1.82,kWh
2019-11-01-23:15:00,1.25,kWh
2019-11-01-23:30:00,0.72,kWh
2019-11-01-23:45:00,0.59,kWh
2019-11-02-00:00:00,0.54,kWh
2019-11-02-00:15:00,0.49,kWh
2019-11-02-00:30:00,1.15,kWh
2019-11-02-00:45:00,0.48,kWh
2019-11-02-01:00:00,0.52,kWh
2019-11-02-01:15:00,0.55,kWh
2019-11-02-01:30:00,0.51,kWh
2019-11-02-01:45:00,0.48,kWh
2019-11-02-02:00:00,0.48,kWh
2019-11-02-02:15:00,0.51,kWh
2019-11-02-02:30:00,0.49,kWh
2019-11-02-02:45:00,0.48,kWh
2019-11-02-03:00:00,0.51,kWh
2019-11-02-03:15:00,1.15,kWh
2019-11-02-03:30:00,0.46,kWh
2019-11-02-03:45:00,0.48,kWh
2019-11-02-04:00:00,0.46,kWh
2019-11-02-04:15:00,0.45,kWh
2019-11-02-04:30:00,0.44,kWh
2019-11-02-04:45:00,0.45,kWh
2019-11-02-05:00:00,0.45,kWh
2019-11-02-05:15:00,0.42,kWh
2019-11-02-05:30:00,0.34,kWh
2019-11-02-05:45:00,0.31,kWh
2019-11-02-06:00:00,0.86,kWh
2019-11-02-06:15:00,0.16,kWh
2019-11-02-06:30:00,0.16,kWh
2019-11-02-06:45:00,0.09,kWh
2019-11-02-07:00:00,0.19,kWh
2019-11-02-07:15:00,0.21,kWh
2019-11-02-07:30:00,0.22,kWh
2019-11-02-07:45:00,0.17,kWh
2019-11-02-08:00:00,0.11,kWh
2019-11-02-08:15:00,0.08,kWh
2019-11-02-08:30:00,0.74,kWh
2019-11-02-08:45:00,0.09,kWh
2019-11-02-09:00:00,0.1,kWh
2019-11-02-09:15:00,0.11,kWh
2019-11-02-09:30:00,0.12,kWh
2019-11-02-09:45:00,0.08,kWh
2019-11-02-10:00:00,0.12,kWh
2019-11-02-10:15:00,0.08,kWh
2019-11-02-10:30:00,0.08,kWh
2019-11-02-10:45:00,0.11,kWh
2019-11-02-11:00:00,0.1,kWh
2019-11-02-11:15:00,0.1,kWh
2019-11-02-11:30:00,0.07,kWh
2019-11-02-11:45:00,0.71,kWh
2019-11-02-12:00:00,0.08,kWh
2019-11-02-12:15:00,0.09,kWh
2019-11-02-12:30:00,0.12,kWh
2019-11-02-12:45:00,0.19,kWh
2019-11-02-13:00:00,0.19,kWh
2019-11-02-13:15:00,0.27,kWh
2019-11-02-13:30:00,0.26,kWh
2019-11-02-13:45:00,0.42,kWh
2019-11-02-14:00:00,0.37,kWh
2019-11-02-14:15:00,0.3,kWh
2019-11-02-14:30:00,0.2,kWh
2019-11-02-14:45:00,0.22,kWh
2019-11-02-15:00:00,0.2,kWh
2019-11-02-15:15:00,0.19,kWh
2019-11-02-15:30:00,0.18,kWh
2019-11-02-15:45:00,0.13,kWh
2019-11-02-16:00:00,0.31,kWh
2019-11-02-16:15:00,0.49,kWh
2019-11-02-16:30:00,0.55,kWh
2019-11-02-16:45:00,1.12,kWh
2019-11-02-17:00:00,0.48,kWh
2019-11-02-17:15:00,0.54,kWh
2019-11-02-17:30:00,0.57,kWh
2019-11-02-17:45:00,0.55,kWh
2019-11-02-18:00:00,0.48,kWh
2019-11-02-18:15:00,0.48,kWh
2019-11-02-18:30:00,0.35,kWh
2019-11-02-18:45:00,0.18,kWh
2019-11-02-19:00:00,0.24,kWh
2019-11-02-19:15:00,0.61,kWh
2019-11-02-19:30:00,1.26,kWh
2019-11-02-19:45:00,0.6,kWh
2019-11-02-20:00:00,0.63,kWh
2019-11-02-20:15:00,0.6,kWh
2019-11-02-20:30:00,0.51,kWh
2019-11-02-20:45:00,1.26,kWh
2019-11-02-21:00:00,2.4,kWh
2019-11-02-21:15:00,2.07,kWh
2019-11-02-21:30:00,0.64,kWh
2019-11-02-21:45:00,0.64,kWh
2019-11-02-22:00:00,0.59,kWh
2019-11-02-22:15:00,0.59,kWh
2019-11-02-22:30:00,0.59,kWh
2019-11-02-22:45:00,0.92,kWh
2019-11-02-23:00:00,0.87,kWh
2019-11-02-23:15:00,0.56,kWh
2019-11-02-23:30:00,0.54,kWh
2019-11-02-23:45:00,0.54,kWh
2019-11-03-00:00:00,0.57,kWh
2019-11-03-00:15:00,0.57,kWh
2019-11-03-00:30:00,0.58,kWh
2019-11-03-00:45:00,0.56,kWh
2019-11-03-01:00:00,0.52,kWh
2019-11-03-01:15:00,0.5,kWh
2019-11-03-01:30:00,0.5,kWh
2019-11-03-01:45:00,1.08,kWh
2019-11-03-01:00:00,0.46,kWh
2019-11-03-01:15:00,0.45,kWh
2019-11-03-01:30:00,0.44,kWh
2019-11-03-01:45:00,0.46,kWh
2019-11-03-02:00:00,0.44,kWh
2019-11-03-02:15:00,0.44,kWh
2019-11-03-02:30:00,0.44,kWh
2019-11-03-02:45:00,0.43,kWh
2019-11-03-03:00:00,0.44,kWh
2019-11-03-03:15:00,0.57,kWh
2019-11-03-03:30:00,1.01,kWh
2019-11-03-03:45:00,0.44,kWh
2019-11-03-04:00:00,0.44,kWh
2019-11-03-04:15:00,0.43,kWh
2019-11-03-04:30:00,0.45,kWh
2019-11-03-04:45:00,0.45,kWh
2019-11-03-05:00:00,0.44,kWh
2019-11-03-05:15:00,0.45,kWh
2019-11-03-05:30:00,0.41,kWh
2019-11-03-05:45:00,0.36,kWh
2019-11-03-06:00:00,0.94,kWh
2019-11-03-06:15:00,0.2,kWh
2019-11-03-06:30:00,0.14,kWh
2019-11-03-06:45:00,0.11,kWh
2019-11-03-07:00:00,0.07,kWh
2019-11-03-07:15:00,0.08,kWh
2019-11-03-07:30:00,0.1,kWh
2019-11-03-07:45:00,0.08,kWh
2019-11-03-08:00:00,0.07,kWh
2019-11-03-08:15:00,0.31,kWh
2019-11-03-08:30:00,1.03,kWh
2019-11-03-08:45:00,0.48,kWh
2019-11-03-09:00:00,0.25,kWh
2019-11-03-09:15:00,0.22,kWh
2019-11-03-09:30:00,0.22,kWh
2019-11-03-09:45:00,0.37,kWh
2019-11-03-10:00:00,0.22,kWh
2019-11-03-10:15:00,0.19,kWh
2019-11-03-10:30:00,0.2,kWh
2019-11-03-10:45:00,0.12,kWh
2019-11-03-11:00:00,0.12,kWh
2019-11-03-11:15:00,0.14,kWh
2019-11-03-11:30:00,0.09,kWh
2019-11-03-11:45:00,0.09,kWh
2019-11-03-12:00:00,0.09,kWh
2019-11-03-12:15:00,0.18,kWh
2019-11-03-12:30:00,1.3,kWh
2019-11-03-12:45:00,0.79,kWh
2019-11-03-13:00:00,0.14,kWh
2019-11-03-13:15:00,0.14,kWh
2019-11-03-13:30:00,0.13,kWh
2019-11-03-13:45:00,0.12,kWh
2019-11-03-14:00:00,0.13,kWh
2019-11-03-14:15:00,0.33,kWh
2019-11-03-14:30:00,0.44,kWh
2019-11-03-14:45:00,0.25,kWh
2019-11-03-15:00:00,0.21,kWh
2019-11-03-15:15:00,0.2,kWh
2019-11-03-15:30:00,0.2,kWh
2019-11-03-15:45:00,0.26,kWh
2019-11-03-16:00:00,0.19,kWh
2019-11-03-16:15:00,0.25,kWh
2019-11-03-16:30:00,0.23,kWh
2019-11-03-16:45:00,0.23,kWh
2019-11-03-17:00:00,0.27,kWh
2019-11-03-17:15:00,0.32,kWh
2019-11-03-17:30:00,0.66,kWh
2019-11-03-17:45:00,0.61,kWh
2019-11-03-18:00:00,0.62,kWh
2019-11-03-18:15:00,0.68,kWh
2019-11-03-18:30:00,0.64,kWh
2019-11-03-18:45:00,0.6,kWh
2019-11-03-19:00:00,0.58,kWh
2019-11-03-19:15:00,0.67,kWh
2019-11-03-19:30:00,0.65,kWh
2019-11-03-19:45:00,0.65,kWh
2019-11-03-20:00:00,0.58,kWh
2019-11-03-20:15:00,0.6,kWh
2019-11-03-20:30:00,0.67,kWh
2019-11-03-20:45:00,0.62,kWh
2019-11-03-21:00:00,0.64,kWh
2019-11-03-21:15:00,0.83,kWh
2019-11-03-21:30:00,1.1,kWh
2019-11-03-21:45:00,0.57,kWh
2019-11-03-22:00:00,0.56,kWh
2019-11-03-22:15:00,0.57,kWh
2019-11-03-22:30:00,0.5,kWh
2019-11-03-22:45:00,0.45,kWh
2019-11-03-23:00:00,0.45,kWh
2019-11-03-23:15:00,0.49,kWh
2019-11-03-23:30:00,0.42,kWh
2019-11-03-23:45:00,0.37,kWh
2019-11-04-00:00:00,0.32,kWh
2019-11-04-00:15:00,0.42,kWh
2019-11-04-00:30:00,0.68,kWh
2019-11-04-00:45:00,0.15,kWh
2019-11-04-01:00:00,0.11,kWh
2019-11-04-01:15:00,0.1,kWh
2019-11-04-01:30:00,0.09,kWh
2019-11-04-01:45:00,0.08,kWh
2019-11-04-02:00:00,0.08,kWh
2019-11-04-02:15:00,0.09,kWh
2019-11-04-02:30:00,0.1,kWh
2019-11-04-02:45:00,0.09,kWh
2019-11-04-03:00:00,0.26,kWh
2019-11-04-03:15:00,0.56,kWh
2019-11-04-03:30:00,0.08,kWh
2019-11-04-03:45:00,0.09,kWh
2019-11-04-04:00:00,0.11,kWh
2019-11-04-04:15:00,0.09,kWh
2019-11-04-04:30:00,0.08,kWh
2019-11-04-04:45:00,0.09,kWh
2019-11-04-05:00:00,0.11,kWh
2019-11-04-05:15:00,0.11,kWh
2019-11-04-05:30:00,0.11,kWh
2019-11-04-05:45:00,0.73,kWh
2019-11-04-06:00:00,0.11,kWh
2019-11-04-06:15:00,0.11,kWh
2019-11-04-06:30:00,0.11,kWh
2019-11-04-06:45:00,0.11,kWh
2019-11-04-07:00:00,0.14,kWh
2019-11-04-07:15:00,0.13,kWh
2019-11-04-07:30:00,0.31,kWh
2019-11-04-07:45:00,0.3,kWh
2019-11-04-08:00:00,0.44,kWh
2019-11-04-08:15:00,1.02,kWh
2019-11-04-08:30:00,0.67,kWh
2019-11-04-08:45:00,0.51,kWh
2019-11-04-09:00:00,0.42,kWh
2019-11-04-09:15:00,0.37,kWh
2019-11-04-09:30:00,0.31,kWh
2019-11-04-09:45:00,1.45,kWh
2019-11-04-10:00:00,1.59,kWh
2019-11-04-10:15:00,1.35,kWh
2019-11-04-10:30:00,0.47,kWh
2019-11-04-10:45:00,0.16,kWh
2019-11-04-11:00:00,0.21,kWh
2019-11-04-11:15:00,0.09,kWh
2019-11-04-11:30:00,0.11,kWh
2019-11-04-11:45:00,0.7,kWh
2019-11-04-12:00:00,0.15,kWh
2019-11-04-12:15:00,0.12,kWh
2019-11-04-12:30:00,0.11,kWh
2019-11-04-12:45:00,0.1,kWh
2019-11-04-13:00:00,0.12,kWh
2019-11-04-13:15:00,0.14,kWh
2019-11-04-13:30:00,0.11,kWh
2019-11-04-13:45:00,0.11,kWh
2019-11-04-14:00:00,0.15,kWh
2019-11-04-14:15:00,0.22,kWh
2019-11-04-14:30:00,0.13,kWh
2019-11-04-14:45:00,0.12,kWh
2019-11-04-15:00:00,0.22,kWh
2019-11-04-15:15:00,0.22,kWh
2019-11-04-15:30:00,0.24,kWh
2019-11-04-15:45:00,0.87,kWh
2019-11-04-16:00:00,0.28,kWh
2019-11-04-16:15:00,0.47,kWh
2019-11-04-16:30:00,0.48,kWh
2019-11-04-16:45:00,0.45,kWh
2019-11-04-17:00:00,0.21,kWh
2019-11-04-17:15:00,0.12,kWh
2019-11-04-17:30:00,0.11,kWh
2019-11-04-17:45:00,0.11,kWh
2019-11-04-18:00:00,0.13,kWh
2019-11-04-18:15:00,0.12,kWh
2019-11-04-18:30:00,0.13,kWh
2019-11-04-18:45:00,0.13,kWh
2019-11-04-19:00:00,0.13,kWh
2019-11-04-19:15:00,1.15,kWh
2019-11-04-19:30:00,0.53,kWh
2019-11-04-19:45:00,0.55,kWh
2019-11-04-20:00:00,0.53,kWh
2019-11-04-20:15:00,0.77,kWh
2019-11-04-20:30:00,0.86,kWh
2019-11-04-20:45:00,0.63,kWh
2019-11-04-21:00:00,0.58,kWh
2019-11-04-21:15:00,0.63,kWh
2019-11-04-21:30:00,0.57,kWh
2019-11-04-21:45:00,0.6,kWh
2019-11-04-22:00:00,0.58,kWh
2019-11-04-22:15:00,0.58,kWh
2019-11-04-22:30:00,1.2,kWh
2019-11-04-22:45:00,0.62,kWh
2019-11-04-23:00:00,0.6,kWh
2019-11-04-23:15:00,0.52,kWh
2019-11-04-23:30:00,0.48,kWh
2019-11-04-23:45:00,0.46,kWh
2019-11-05-00:00:00,0.45,kWh
2019-11-05-00:15:00,0.49,kWh
2019-11-05-00:30:00,0.45,kWh
2019-11-05-00:45:00,0.45,kWh
2019-11-05-01:00:00,0.45,kWh
2019-11-05-01:15:00,0.45,kWh
2019-11-05-01:30:00,0.46,kWh
2019-11-05-01:45:00,0.72,kWh
2019-11-05-02:00:00,0.85,kWh
2019-11-05-02:15:00,0.37,kWh
2019-11-05-02:30:00,0.3,kWh
2019-11-05-02:45:00,0.27,kWh
2019-11-05-03:00:00,0.19,kWh
2019-11-05-03:15:00,0.17,kWh
2019-11-05-03:30:00,0.1,kWh
2019-11-05-03:45:00,0.11,kWh
2019-11-05-04:00:00,0.09,kWh
2019-11-05-04:15:00,0.11,kWh
2019-11-05-04:30:00,0.09,kWh
2019-11-05-04:45:00,0.09,kWh
2019-11-05-05:00:00,0.64,kWh
2019-11-05-05:15:00,0.18,kWh
2019-11-05-05:30:00,0.1,kWh
2019-11-05-05:45:00,0.1,kWh
2019-11-05-06:00:00,0.09,kWh
2019-11-05-06:15:00,0.09,kWh
2019-11-05-06:30:00,0.11,kWh
2019-11-05-06:45:00,0.15,kWh
2019-11-05-07:00:00,0.12,kWh
2019-11-05-07:15:00,0.27,kWh
2019-11-05-07:30:00,0.24,kWh
2019-11-05-07:45:00,0.15,kWh
2019-11-05-08:00:00,0.14,kWh
2019-11-05-08:15:00,0.79,kWh
2019-11-05-08:30:00,0.23,kWh
2019-11-05-08:45:00,0.24,kWh
2019-11-05-09:00:00,0.28,kWh
2019-11-05-09:15:00,0.19,kWh
2019-11-05-09:30:00,0.21,kWh
2019-11-05-09:45:00,0.22,kWh
2019-11-05-10:00:00,0.11,kWh
2019-11-05-10:15:00,0.12,kWh
2019-11-05-10:30:00,0.1,kWh
2019-11-05-10:45:00,0.11,kWh
2019-11-05-11:00:00,0.1,kWh
2019-11-05-11:15:00,0.1,kWh
2019-11-05-11:30:00,0.09,kWh
2019-11-05-11:45:00,0.72,kWh
2019-11-05-12:00:00,0.1,kWh
2019-11-05-12:15:00,0.13,kWh
2019-11-05-12:30:00,0.09,kWh
2019-11-05-12:45:00,0.1,kWh
2019-11-05-13:00:00,0.11,kWh
2019-11-05-13:15:00,0.11,kWh
2019-11-05-13:30:00,0.13,kWh
2019-11-05-13:45:00,0.13,kWh
2019-11-05-14:00:00,0.13,kWh
2019-11-05-14:15:00,0.12,kWh
2019-11-05-14:30:00,0.11,kWh
2019-11-05-14:45:00,0.11,kWh
2019-11-05-15:00:00,0.12,kWh
2019-11-05-15:15:00,0.4,kWh
2019-11-05-15:30:00,0.46,kWh
2019-11-05-15:45:00,0.1,kWh
2019-11-05-16:00:00,0.12,kWh
2019-11-05-16:15:00,0.14,kWh
2019-11-05-16:30:00,0.11,kWh
2019-11-05-16:45:00,0.13,kWh
2019-11-05-17:00:00,0.12,kWh
2019-11-05-17:15:00,0.15,kWh
2019-11-05-17:30:00,0.15,kWh
2019-11-05-17:45:00,0.25,kWh
2019-11-05-18:00:00,0.25,kWh
2019-11-05-18:15:00,0.24,kWh
2019-11-05-18:30:00,0.44,kWh
2019-11-05-18:45:00,0.23,kWh
2019-11-05-19:00:00,0.13,kWh
2019-11-05-19:15:00,0.8,kWh
2019-11-05-19:30:00,0.23,kWh
2019-11-05-19:45:00,0.26,kWh
2019-11-05-20:00:00,0.25,kWh
2019-11-05-20:15:00,0.28,kWh
2019-11-05-20:30:00,0.3,kWh
2019-11-05-20:45:00,0.4,kWh
2019-11-05-21:00:00,0.51,kWh
2019-11-05-21:15:00,0.61,kWh
2019-11-05-21:30:00,0.34,kWh
2019-11-05-21:45:00,0.21,kWh
2019-11-05-22:00:00,0.2,kWh
2019-11-05-22:15:00,0.2,kWh
2019-11-05-22:30:00,0.7,kWh
2019-11-05-22:45:00,0.26,kWh
2019-11-05-23:00:00,0.2,kWh
2019-11-05-23:15:00,0.19,kWh
2019-11-05-23:30:00,0.19,kWh
2019-11-05-23:45:00,0.19,kWh
2019-11-06-00:00:00,0.18,kWh
2019-11-06-00:15:00,0.18,kWh
2019-11-06-00:30:00,0.18,kWh
2019-11-06-00:45:00,0.17,kWh
2019-11-06-01:00:00,0.19,kWh
2019-11-06-01:15:00,0.18,kWh
2019-11-06-01:30:00,0.19,kWh
2019-11-06-01:45:00,0.48,kWh
2019-11-06-02:00:00,0.56,kWh
2019-11-06-02:15:00,0.2,kWh
2019-11-06-02:30:00,0.21,kWh
2019-11-06-02:45:00,0.2,kWh
2019-11-06-03:00:00,0.19,kWh
2019-11-06-03:15:00,0.19,kWh
2019-11-06-03:30:00,0.19,kWh
2019-11-06-03:45:00,0.21,kWh
2019-11-06-04:00:00,0.1,kWh
2019-11-06-04:15:00,0.08,kWh
2019-11-06-04:30:00,0.08,kWh
2019-11-06-04:45:00,0.57,kWh
2019-11-06-05:00:00,0.28,kWh
2019-11-06-05:15:00,0.09,kWh
2019-11-06-05:30:00,0.08,kWh
2019-11-06-05:45:00,0.14,kWh
2019-11-06-06:00:00,0.1,kWh
2019-11-06-06:15:00,0.09,kWh
2019-11-06-06:30:00,0.13,kWh
2019-11-06-06:45:00,0.09,kWh
2019-11-06-07:00:00,0.09,kWh
2019-11-06-07:15:00,0.11,kWh
2019-11-06-07:30:00,0.14,kWh
2019-11-06-07:45:00,0.75,kWh
2019-11-06-08:00:00,0.12,kWh
2019-11-06-08:15:00,0.11,kWh
2019-11-06-08:30:00,0.12,kWh
2019-11-06-08:45:00,0.12,kWh
2019-11-06-09:00:00,0.14,kWh
2019-11-06-09:15:00,0.18,kWh
2019-11-06-09:30:00,0.15,kWh
2019-11-06-09:45:00,0.15,kWh
2019-11-06-10:00:00,0.12,kWh
2019-11-06-10:15:00,0.13,kWh
2019-11-06-10:30:00,0.16,kWh
2019-11-06-10:45:00,0.89,kWh
2019-11-06-11:00:00,0.17,kWh
2019-11-06-11:15:00,0.15,kWh
2019-11-06-11:30:00,0.15,kWh
2019-11-06-11:45:00,0.13,kWh
2019-11-06-12:00:00,0.12,kWh
2019-11-06-12:15:00,0.13,kWh
2019-11-06-12:30:00,0.14,kWh
2019-11-06-12:45:00,0.16,kWh
2019-11-06-13:00:00,0.2,kWh
2019-11-06-13:15:00,0.29,kWh
2019-11-06-13:30:00,0.25,kWh
2019-11-06-13:45:00,0.25,kWh
2019-11-06-14:00:00,0.2,kWh
2019-11-06-14:15:00,0.13,kWh
2019-11-06-14:30:00,0.53,kWh
2019-11-06-14:45:00,0.36,kWh
2019-11-06-15:00:00,0.14,kWh
2019-11-06-15:15:00,0.15,kWh
2019-11-06-15:30:00,0.14,kWh
2019-11-06-15:45:00,0.12,kWh
2019-11-06-16:00:00,0.13,kWh
2019-11-06-16:15:00,0.12,kWh
2019-11-06-16:30:00,0.14,kWh
2019-11-06-16:45:00,0.18,kWh
2019-11-06-17:00:00,0.16,kWh
2019-11-06-17:15:00,0.15,kWh
2019-11-06-17:30:00,0.15,kWh
2019-11-06-17:45:00,0.21,kWh
2019-11-06-18:00:00,0.89,kWh
2019-11-06-18:15:00,0.15,kWh
2019-11-06-18:30:00,0.15,kWh
2019-11-06-18:45:00,0.15,kWh
2019-11-06-19:00:00,0.14,kWh
2019-11-06-19:15:00,0.22,kWh
2019-11-06-19:30:00,0.35,kWh
2019-11-06-19:45:00,0.26,kWh
2019-11-06-20:00:00,0.28,kWh
2019-11-06-20:15:00,0.29,kWh
2019-11-06-20:30:00,0.28,kWh
2019-11-06-20:45:00,0.88,kWh
2019-11-06-21:00:00,0.3,kWh
2019-11-06-21:15:00,0.31,kWh
2019-11-06-21:30:00,0.31,kWh
2019-11-06-21:45:00,0.27,kWh
2019-11-06-22:00:00,0.37,kWh
2019-11-06-22:15:00,1.59,kWh
2019-11-06-22:30:00,1.48,kWh
2019-11-06-22:45:00,0.75,kWh
2019-11-06-23:00:00,0.37,kWh
2019-11-06-23:15:00,0.36,kWh
2019-11-06-23:30:00,0.38,kWh
2019-11-06-23:45:00,0.32,kWh
2019-11-07-00:00:00,0.3,kWh
2019-11-07-00:15:00,0.28,kWh
2019-11-07-00:30:00,0.84,kWh
2019-11-07-00:45:00,0.23,kWh
2019-11-07-01:00:00,0.12,kWh
2019-11-07-01:15:00,0.1,kWh
2019-11-07-01:30:00,0.08,kWh
2019-11-07-01:45:00,0.09,kWh
2019-11-07-02:00:00,0.09,kWh
2019-11-07-02:15:00,0.11,kWh
2019-11-07-02:30:00,0.1,kWh
2019-11-07-02:45:00,0.08,kWh
2019-11-07-03:00:00,0.09,kWh
2019-11-07-03:15:00,0.09,kWh
2019-11-07-03:30:00,0.64,kWh
2019-11-07-03:45:00,0.17,kWh
2019-11-07-04:00:00,0.1,kWh
2019-11-07-04:15:00,0.11,kWh
2019-11-07-04:30:00,0.11,kWh
2019-11-07-04:45:00,0.08,kWh
2019-11-07-05:00:00,0.11,kWh
2019-11-07-05:15:00,0.09,kWh
2019-11-07-05:30:00,0.08,kWh
2019-11-07-05:45:00,0.09,kWh
2019-11-07-06:00:00,0.1,kWh
2019-11-07-06:15:00,0.12,kWh
2019-11-07-06:30:00,0.74,kWh
2019-11-07-06:45:00,0.1,kWh
2019-11-07-07:00:00,0.11,kWh
2019-11-07-07:15:00,0.11,kWh
2019-11-07-07:30:00,0.17,kWh
2019-11-07-07:45:00,0.18,kWh
2019-11-07-08:00:00,0.17,kWh
2019-11-07-08:15:00,0.16,kWh
2019-11-07-08:30:00,0.15,kWh
2019-11-07-08:45:00,0.14,kWh
2019-11-07-09:00:00,0.13,kWh
2019-11-07-09:15:00,0.74,kWh
2019-11-07-09:30:00,0.12,kWh
2019-11-07-09:45:00,0.14,kWh
2019-11-07-10:00:00,0.11,kWh
2019-11-07-10:15:00,0.12,kWh
2019-11-07-10:30:00,0.13,kWh
2019-11-07-10:45:00,0.15,kWh
2019-11-07-11:00:00,0.28,kWh
2019-11-07-11:15:00,0.47,kWh
2019-11-07-11:30:00,0.51,kWh
2019-11-07-11:45:00,0.3,kWh
2019-11-07-12:00:00,0.29,kWh
2019-11-07-12:15:00,0.88,kWh
2019-11-07-12:30:00,0.25,kWh
2019-11-07-12:45:00,0.13,kWh
2019-11-07-13:00:00,0.12,kWh
2019-11-07-13:15:00,0.25,kWh
2019-11-07-13:30:00,0.12,kWh
2019-11-07-13:45:00,0.14,kWh
2019-11-07-14:00:00,0.12,kWh
2019-11-07-14:15:00,0.12,kWh
2019-11-07-14:30:00,0.11,kWh
2019-11-07-14:45:00,0.11,kWh
2019-11-07-15:00:00,0.13,kWh
2019-11-07-15:15:00,0.74,kWh
2019-11-07-15:30:00,0.14,kWh
2019-11-07-15:45:00,0.15,kWh
2019-11-07-16:00:00,0.16,kWh
2019-11-07-16:15:00,0.13,kWh
2019-11-07-16:30:00,0.12,kWh
2019-11-07-16:45:00,0.12,kWh
2019-11-07-17:00:00,0.11,kWh
2019-11-07-17:15:00,0.12,kWh
2019-11-07-17:30:00,0.13,kWh
2019-11-07-17:45:00,0.27,kWh
2019-11-07-18:00:00,0.72,kWh
2019-11-07-18:15:00,0.98,kWh
2019-11-07-18:30:00,0.52,kWh
2019-11-07-18:45:00,0.59,kWh
2019-11-07-19:00:00,0.64,kWh
2019-11-07-19:15:00,0.62,kWh
2019-11-07-19:30:00,0.65,kWh
2019-11-07-19:45:00,0.61,kWh
2019-11-07-20:00:00,0.62,kWh
2019-11-07-20:15:00,0.61,kWh
2019-11-07-20:30:00,0.57,kWh
2019-11-07-20:45:00,1.89,kWh
2019-11-07-21:00:00,0.92,kWh
2019-11-07-21:15:00,0.55,kWh
2019-11-07-21:30:00,0.5,kWh
2019-11-07-21:45:00,0.47,kWh
2019-11-07-22:00:00,0.46,kWh
2019-11-07-22:15:00,0.46,kWh
2019-11-07-22:30:00,0.56,kWh
2019-11-07-22:45:00,0.98,kWh
2019-11-07-23:00:00,0.45,kWh
2019-11-07-23:15:00,0.44,kWh
2019-11-07-23:30:00,0.44,kWh
2019-11-07-23:45:00,0.46,kWh
2019-11-08-00:00:00,0.44,kWh
2019-11-08-00:15:00,0.46,kWh
2019-11-08-00:30:00,0.45,kWh
2019-11-08-00:45:00,0.43,kWh
2019-11-08-01:00:00,0.47,kWh
2019-11-08-01:15:00,1.07,kWh
2019-11-08-01:30:00,0.45,kWh
2019-11-08-01:45:00,0.46,kWh
2019-11-08-02:00:00,0.47,kWh
2019-11-08-02:15:00,0.46,kWh
2019-11-08-02:30:00,0.44,kWh
2019-11-08-02:45:00,0.43,kWh
2019-11-08-03:00:00,0.44,kWh
2019-11-08-03:15:00,0.45,kWh
2019-11-08-03:30:00,1.07,kWh
2019-11-08-03:45:00,0.45,kWh
2019-11-08-04:00:00,0.44,kWh
2019-11-08-04:15:00,0.43,kWh
2019-11-08-04:30:00,0.44,kWh
2019-11-08-04:45:00,0.45,kWh
2019-11-08-05:00:00,0.45,kWh
2019-11-08-05:15:00,0.45,kWh
2019-11-08-05:30:00,0.43,kWh
2019-11-08-05:45:00,0.51,kWh
2019-11-08-06:00:00,1.1,kWh
2019-11-08-06:15:00,0.48,kWh
2019-11-08-06:30:00,0.47,kWh
2019-11-08-06:45:00,0.46,kWh
2019-11-08-07:00:00,0.5,kWh
2019-11-08-07:15:00,0.54,kWh
2019-11-08-07:30:00,0.64,kWh
2019-11-08-07:45:00,0.66,kWh
2019-11-08-08:00:00,0.53,kWh
2019-11-08-08:15:00,1.08,kWh
2019-11-08-08:30:00,0.44,kWh
2019-11-08-08:45:00,0.42,kWh
2019-11-08-09:00:00,0.07,kWh
2019-11-08-09:15:00,0.07,kWh
2019-11-08-09:30:00,0.1,kWh
2019-11-08-09:45:00,0.1,kWh
2019-11-08-10:00:00,0.11,kWh
2019-11-08-10:15:00,0.12,kWh
2019-11-08-10:30:00,0.11,kWh
2019-11-08-10:45:00,0.1,kWh
2019-11-08-11:00:00,1.03,kWh
2019-11-08-11:15:00,0.31,kWh
2019-11-08-11:30:00,0.28,kWh
2019-11-08-11:45:00,0.21,kWh
2019-11-08-12:00:00,0.32,kWh
2019-11-08-12:15:00,0.23,kWh
2019-11-08-12:30:00,0.2,kWh
2019-11-08-12:45:00,0.22,kWh
2019-11-08-13:00:00,0.22,kWh
2019-11-08-13:15:00,0.14,kWh
2019-11-08-13:30:00,0.11,kWh
2019-11-08-13:45:00,0.11,kWh
2019-11-08-14:00:00,0.71,kWh
2019-11-08-14:15:00,0.1,kWh
2019-11-08-14:30:00,0.1,kWh
2019-11-08-14:45:00,0.11,kWh
2019-11-08-15:00:00,0.11,kWh
2019-11-08-15:15:00,0.11,kWh
2019-11-08-15:30:00,0.1,kWh
2019-11-08-15:45:00,0.12,kWh
2019-11-08-16:00:00,0.1,kWh
2019-11-08-16:15:00,0.28,kWh
2019-11-08-16:30:00,0.62,kWh
2019-11-08-16:45:00,0.12,kWh
2019-11-08-17:00:00,0.22,kWh
2019-11-08-17:15:00,0.16,kWh
2019-11-08-17:30:00,0.13,kWh
2019-11-08-17:45:00,0.14,kWh
2019-11-08-18:00:00,0.13,kWh
2019-11-08-18:15:00,0.16,kWh
2019-11-08-18:30:00,0.38,kWh
2019-11-08-18:45:00,0.6,kWh
2019-11-08-19:00:00,0.2,kWh
2019-11-08-19:15:00,0.17,kWh
2019-11-08-19:30:00,0.13,kWh
2019-11-08-19:45:00,0.12,kWh
2019-11-08-20:00:00,0.14,kWh
2019-11-08-20:15:00,0.15,kWh
2019-11-08-20:30:00,0.2,kWh
2019-11-08-20:45:00,0.47,kWh
2019-11-08-21:00:00,0.47,kWh
2019-11-08-21:15:00,0.15,kWh
2019-11-08-21:30:00,0.17,kWh
2019-11-08-21:45:00,0.13,kWh
2019-11-08-22:00:00,0.1,kWh
2019-11-08-22:15:00,0.1,kWh
2019-11-08-22:30:00,0.15,kWh
2019-11-08-22:45:00,0.2,kWh
2019-11-08-23:00:00,0.2,kWh
2019-11-08-23:15:00,0.86,kWh
2019-11-08-23:30:00,0.2,kWh
2019-11-08-23:45:00,0.13,kWh
2019-11-09-00:00:00,0.11,kWh
2019-11-09-00:15:00,0.12,kWh
2019-11-09-00:30:00,0.1,kWh
2019-11-09-00:45:00,0.11,kWh
2019-11-09-01:00:00,0.1,kWh
2019-11-09-01:15:00,0.16,kWh
2019-11-09-01:30:00,0.69,kWh
2019-11-09-01:45:00,0.09,kWh
2019-11-09-02:00:00,0.11,kWh
2019-11-09-02:15:00,0.1,kWh
2019-11-09-02:30:00,0.13,kWh
2019-11-09-02:45:00,0.1,kWh
2019-11-09-03:00:00,0.09,kWh
2019-11-09-03:15:00,0.11,kWh
2019-11-09-03:30:00,0.15,kWh
2019-11-09-03:45:00,0.77,kWh
2019-11-09-04:00:00,0.11,kWh
2019-11-09-04:15:00,0.13,kWh
2019-11-09-04:30:00,0.1,kWh
2019-11-09-04:45:00,0.1,kWh
2019-11-09-05:00:00,0.17,kWh
2019-11-09-05:15:00,0.1,kWh
2019-11-09-05:30:00,0.1,kWh
2019-11-09-05:45:00,0.13,kWh
2019-11-09-06:00:00,0.75,kWh
2019-11-09-06:15:00,0.11,kWh
2019-11-09-06:30:00,0.12,kWh
2019-11-09-06:45:00,0.1,kWh
2019-11-09-07:00:00,0.14,kWh
2019-11-09-07:15:00,0.24,kWh
2019-11-09-07:30:00,0.21,kWh
2019-11-09-07:45:00,0.23,kWh
2019-11-09-08:00:00,0.75,kWh
2019-11-09-08:15:00,0.11,kWh
2019-11-09-08:30:00,0.09,kWh
2019-11-09-08:45:00,0.09,kWh
2019-11-09-09:00:00,0.1,kWh
2019-11-09-09:15:00,0.1,kWh
2019-11-09-09:30:00,0.09,kWh
2019-11-09-09:45:00,0.09,kWh
2019-11-09-10:00:00,0.1,kWh
2019-11-09-10:15:00,0.11,kWh
2019-11-09-10:30:00,0.74,kWh
2019-11-09-10:45:00,0.1,kWh
2019-11-09-11:00:00,0.1,kWh
2019-11-09-11:15:00,0.1,kWh
2019-11-09-11:30:00,0.11,kWh
2019-11-09-11:45:00,0.1,kWh
2019-11-09-12:00:00,0.11,kWh
2019-11-09-12:15:00,0.09,kWh
2019-11-09-12:30:00,0.09,kWh
2019-11-09-12:45:00,0.09,kWh
2019-11-09-13:00:00,0.1,kWh
2019-11-09-13:15:00,0.09,kWh
2019-11-09-13:30:00,0.11,kWh
2019-11-09-13:45:00,0.09,kWh
2019-11-09-14:00:00,0.09,kWh
2019-11-09-14:15:00,0.75,kWh
2019-11-09-14:30:00,0.12,kWh
2019-11-09-14:45:00,0.1,kWh
2019-11-09-15:00:00,0.13,kWh
2019-11-09-15:15:00,0.11,kWh
2019-11-09-15:30:00,0.1,kWh
2019-11-09-15:45:00,0.1,kWh
2019-11-09-16:00:00,0.09,kWh
2019-11-09-16:15:00,0.11,kWh
2019-11-09-16:30:00,0.18,kWh
2019-11-09-16:45:00,0.24,kWh
2019-11-09-17:00:00,0.43,kWh
2019-11-09-17:15:00,0.7,kWh
2019-11-09-17:30:00,0.18,kWh
2019-11-09-17:45:00,0.24,kWh
2019-11-09-18:00:00,0.23,kWh
2019-11-09-18:15:00,0.2,kWh
2019-11-09-18:30:00,0.57,kWh
2019-11-09-18:45:00,0.69,kWh
2019-11-09-19:00:00,0.54,kWh
2019-11-09-19:15:00,0.54,kWh
2019-11-09-19:30:00,0.56,kWh
2019-11-09-19:45:00,0.53,kWh
2019-11-09-20:00:00,1.15,kWh
2019-11-09-20:15:00,0.51,kWh
2019-11-09-20:30:00,0.5,kWh
2019-11-09-20:45:00,0.49,kWh
2019-11-09-21:00:00,0.51,kWh
2019-11-09-21:15:00,0.51,kWh
2019-11-09-21:30:00,0.57,kWh
2019-11-09-21:45:00,0.56,kWh
2019-11-09-22:00:00,0.51,kWh
2019-11-09-22:15:00,0.6,kWh
2019-11-09-22:30:00,1.06,kWh
2019-11-09-22:45:00,0.51,kWh
2019-11-09-23:00:00,0.49,kWh
2019-11-09-23:15:00,0.47,kWh
2019-11-09-23:30:00,0.53,kWh
2019-11-09-23:45:00,0.6,kWh
2019-11-10-00:00:00,0.57,kWh
2019-11-10-00:15:00,0.59,kWh
2019-11-10-00:30:00,0.54,kWh
2019-11-10-00:45:00,0.45,kWh
2019-11-10-01:00:00,0.89,kWh
2019-11-10-01:15:00,0.63,kWh
2019-11-10-01:30:00,0.49,kWh
2019-11-10-01:45:00,0.46,kWh
2019-11-10-02:00:00,0.45,kWh
2019-11-10-02:15:00,0.45,kWh
2019-11-10-02:30:00,0.44,kWh
2019-11-10-02:45:00,0.44,kWh
2019-11-10-03:00:00,0.46,kWh
2019-11-10-03:15:00,0.77,kWh
2019-11-10-03:30:00,0.71,kWh
2019-11-10-03:45:00,0.44,kWh
2019-11-10-04:00:00,0.44,kWh
2019-11-10-04:15:00,0.46,kWh
2019-11-10-04:30:00,0.45,kWh
2019-11-10-04:45:00,0.44,kWh
2019-11-10-05:00:00,0.45,kWh
2019-11-10-05:15:00,0.46,kWh
2019-11-10-05:30:00,0.47,kWh
2019-11-10-05:45:00,0.64,kWh
2019-11-10-06:00:00,0.92,kWh
2019-11-10-06:15:00,0.44,kWh
2019-11-10-06:30:00,0.44,kWh
2019-11-10-06:45:00,0.44,kWh
2019-11-10-07:00:00,0.47,kWh
2019-11-10-07:15:00,0.45,kWh
2019-11-10-07:30:00,0.44,kWh
2019-11-10-07:45:00,0.43,kWh
2019-11-10-08:00:00,0.43,kWh
2019-11-10-08:15:00,1.08,kWh
2019-11-10-08:30:00,0.5,kWh
2019-11-10-08:45:00,0.61,kWh
2019-11-10-09:00:00,0.45,kWh
2019-11-10-09:15:00,0.47,kWh
2019-11-10-09:30:00,0.47,kWh
2019-11-10-09:45:00,0.44,kWh
2019-11-10-10:00:00,0.5,kWh
2019-11-10-10:15:00,0.52,kWh
2019-11-10-10:30:00,0.46,kWh
2019-11-10-10:45:00,0.55,kWh
2019-11-10-11:00:00,1.14,kWh
2019-11-10-11:15:00,0.37,kWh
2019-11-10-11:30:00,0.24,kWh
2019-11-10-11:45:00,0.13,kWh
2019-11-10-12:00:00,0.17,kWh
2019-11-10-12:15:00,0.36,kWh
2019-11-10-12:30:00,0.27,kWh
2019-11-10-12:45:00,0.34,kWh
2019-11-10-13:00:00,0.49,kWh
2019-11-10-13:15:00,0.2,kWh
2019-11-10-13:30:00,0.22,kWh
2019-11-10-13:45:00,0.21,kWh
2019-11-10-14:00:00,0.21,kWh
2019-11-10-14:15:00,0.61,kWh
2019-11-10-14:30:00,0.45,kWh
2019-11-10-14:45:00,0.26,kWh
2019-11-10-15:00:00,0.32,kWh
2019-11-10-15:15:00,0.21,kWh
2019-11-10-15:30:00,0.23,kWh
2019-11-10-15:45:00,0.23,kWh
2019-11-10-16:00:00,0.24,kWh
2019-11-10-16:15:00,0.34,kWh
2019-11-10-16:30:00,0.22,kWh
2019-11-10-16:45:00,0.19,kWh
2019-11-10-17:00:00,0.16,kWh
2019-11-10-17:15:00,0.15,kWh
2019-11-10-17:30:00,0.79,kWh
2019-11-10-17:45:00,0.18,kWh
2019-11-10-18:00:00,0.16,kWh
2019-11-10-18:15:00,0.17,kWh
2019-11-10-18:30:00,0.16,kWh
2019-11-10-18:45:00,0.17,kWh
2019-11-10-19:00:00,0.18,kWh
2019-11-10-19:15:00,0.18,kWh
2019-11-10-19:30:00,0.17,kWh
2019-11-10-19:45:00,0.18,kWh
2019-11-10-20:00:00,0.21,kWh
2019-11-10-20:15:00,0.21,kWh
2019-11-10-20:30:00,0.21,kWh
2019-11-10-20:45:00,0.84,kWh
2019-11-10-21:00:00,0.19,kWh
2019-11-10-21:15:00,0.18,kWh
2019-11-10-21:30:00,0.19,kWh
2019-11-10-21:45:00,0.2,kWh
2019-11-10-22:00:00,0.2,kWh
2019-11-10-22:15:00,0.12,kWh
2019-11-10-22:30:00,0.08,kWh
2019-11-10-22:45:00,0.08,kWh
2019-11-10-23:00:00,0.08,kWh
2019-11-10-23:15:00,0.1,kWh
2019-11-10-23:30:00,0.08,kWh
2019-11-10-23:45:00,0.71,kWh
2019-11-11-00:00:00,0.09,kWh
2019-11-11-00:15:00,0.09,kWh
2019-11-11-00:30:00,0.11,kWh
2019-11-11-00:45:00,0.09,kWh
2019-11-11-01:00:00,0.08,kWh
2019-11-11-01:15:00,0.08,kWh
2019-11-11-01:30:00,0.08,kWh
2019-11-11-01:45:00,0.07,kWh
2019-11-11-02:00:00,0.13,kWh
2019-11-11-02:15:00,0.08,kWh
2019-11-11-02:30:00,0.08,kWh
2019-11-11-02:45:00,0.54,kWh
2019-11-11-03:00:00,0.28,kWh
2019-11-11-03:15:00,0.08,kWh
2019-11-11-03:30:00,0.1,kWh
2019-11-11-03:45:00,0.12,kWh
2019-11-11-04:00:00,0.1,kWh
2019-11-11-04:15:00,0.08,kWh
2019-11-11-04:30:00,0.09,kWh
2019-11-11-04:45:00,0.1,kWh
2019-11-11-05:00:00,0.12,kWh
2019-11-11-05:15:00,0.09,kWh
2019-11-11-05:30:00,0.07,kWh
2019-11-11-05:45:00,0.72,kWh
2019-11-11-06:00:00,0.16,kWh
2019-11-11-06:15:00,0.21,kWh
2019-11-11-06:30:00,0.23,kWh
2019-11-11-06:45:00,0.12,kWh
2019-11-11-07:00:00,0.08,kWh
2019-11-11-07:15:00,0.08,kWh
2019-11-11-07:30:00,0.08,kWh
2019-11-11-07:45:00,0.11,kWh
2019-11-11-08:00:00,0.08,kWh
2019-11-11-08:15:00,0.08,kWh
2019-11-11-08:30:00,0.71,kWh
2019-11-11-08:45:00,0.1,kWh
2019-11-11-09:00:00,0.09,kWh
2019-11-11-09:15:00,0.11,kWh
2019-11-11-09:30:00,0.08,kWh
2019-11-11-09:45:00,0.07,kWh
2019-11-11-10:00:00,0.1,kWh
2019-11-11-10:15:00,0.09,kWh
2019-11-11-10:30:00,0.08,kWh
2019-11-11-10:45:00,0.1,kWh
2019-11-11-11:00:00,0.23,kWh
2019-11-11-11:15:00,0.55,kWh
2019-11-11-11:30:00,0.09,kWh
2019-11-11-11:45:00,0.07,kWh
2019-11-11-12:00:00,0.09,kWh
2019-11-11-12:15:00,0.1,kWh
2019-11-11-12:30:00,0.08,kWh
2019-11-11-12:45:00,0.09,kWh
2019-11-11-13:00:00,0.09,kWh
2019-11-11-13:15:00,0.07,kWh
2019-11-11-13:30:00,0.1,kWh
2019-11-11-13:45:00,0.09,kWh
2019-11-11-14:00:00,0.71,kWh
2019-11-11-14:15:00,0.08,kWh
2019-11-11-14:30:00,0.07,kWh
2019-11-11-14:45:00,0.07,kWh
2019-11-11-15:00:00,0.19,kWh
2019-11-11-15:15:00,0.28,kWh
2019-11-11-15:30:00,0.26,kWh
2019-11-11-15:45:00,0.18,kWh
2019-11-11-16:00:00,0.15,kWh
2019-11-11-16:15:00,0.15,kWh
2019-11-11-16:30:00,0.68,kWh
2019-11-11-16:45:00,0.26,kWh
2019-11-11-17:00:00,0.16,kWh
2019-11-11-17:15:00,0.14,kWh
2019-11-11-17:30:00,0.14,kWh
2019-11-11-17:45:00,0.14,kWh
2019-11-11-18:00:00,0.27,kWh
2019-11-11-18:15:00,0.24,kWh
2019-11-11-18:30:00,0.21,kWh
2019-11-11-18:45:00,0.18,kWh
2019-11-11-19:00:00,0.2,kWh
2019-11-11-19:15:00,0.82,kWh
2019-11-11-19:30:00,0.24,kWh
2019-11-11-19:45:00,0.25,kWh
2019-11-11-20:00:00,0.25,kWh
2019-11-11-20:15:00,0.25,kWh
2019-11-11-20:30:00,0.33,kWh
2019-11-11-20:45:00,0.36,kWh
2019-11-11-21:00:00,0.42,kWh
2019-11-11-21:15:00,0.59,kWh
2019-11-11-21:30:00,0.67,kWh
2019-11-11-21:45:00,0.92,kWh
2019-11-11-22:00:00,0.23,kWh
2019-11-11-22:15:00,0.16,kWh
2019-11-11-22:30:00,0.16,kWh
2019-11-11-22:45:00,0.2,kWh
2019-11-11-23:00:00,0.19,kWh
2019-11-11-23:15:00,0.18,kWh
2019-11-11-23:30:00,0.18,kWh
2019-11-11-23:45:00,0.17,kWh
2019-11-12-00:00:00,0.17,kWh
2019-11-12-00:15:00,0.86,kWh
2019-11-12-00:30:00,0.17,kWh
2019-11-12-00:45:00,0.18,kWh
2019-11-12-01:00:00,0.17,kWh
2019-11-12-01:15:00,0.18,kWh
2019-11-12-01:30:00,0.19,kWh
2019-11-12-01:45:00,0.22,kWh
2019-11-12-02:00:00,0.18,kWh
2019-11-12-02:15:00,0.19,kWh
2019-11-12-02:30:00,0.14,kWh
2019-11-12-02:45:00,0.72,kWh
2019-11-12-03:00:00,0.12,kWh
2019-11-12-03:15:00,0.08,kWh
2019-11-12-03:30:00,0.08,kWh
2019-11-12-03:45:00,0.07,kWh
2019-11-12-04:00:00,0.08,kWh
2019-11-12-04:15:00,0.09,kWh
2019-11-12-04:30:00,0.09,kWh
2019-11-12-04:45:00,0.08,kWh
2019-11-12-05:00:00,0.08,kWh
2019-11-12-05:15:00,0.72,kWh
2019-11-12-05:30:00,0.08,kWh
2019-11-12-05:45:00,0.1,kWh
2019-11-12-06:00:00,0.08,kWh
2019-11-12-06:15:00,0.09,kWh
2019-11-12-06:30:00,0.1,kWh
2019-11-12-06:45:00,0.09,kWh
2019-11-12-07:00:00,0.07,kWh
2019-11-12-07:15:00,0.1,kWh
2019-11-12-07:30:00,0.09,kWh
2019-11-12-07:45:00,0.23,kWh
2019-11-12-08:00:00,0.78,kWh
2019-11-12-08:15:00,1.19,kWh
2019-11-12-08:30:00,0.23,kWh
2019-11-12-08:45:00,0.23,kWh
2019-11-12-09:00:00,0.18,kWh
2019-11-12-09:15:00,0.17,kWh
2019-11-12-09:30:00,0.27,kWh
2019-11-12-09:45:00,0.22,kWh
2019-11-12-10:00:00,0.2,kWh
2019-11-12-10:15:00,0.49,kWh
2019-11-12-10:30:00,0.56,kWh
2019-11-12-10:45:00,0.26,kWh
2019-11-12-11:00:00,0.24,kWh
2019-11-12-11:15:00,0.28,kWh
2019-11-12-11:30:00,0.12,kWh
2019-11-12-11:45:00,0.12,kWh
2019-11-12-12:00:00,0.14,kWh
2019-11-12-12:15:00,0.11,kWh
2019-11-12-12:30:00,0.12,kWh
2019-11-12-12:45:00,0.74,kWh
2019-11-12-13:00:00,0.14,kWh
2019-11-12-13:15:00,0.18,kWh
2019-11-12-13:30:00,0.17,kWh
2019-11-12-13:45:00,0.13,kWh
2019-11-12-14:00:00,0.13,kWh
2019-11-12-14:15:00,0.12,kWh
2019-11-12-14:30:00,0.12,kWh
2019-11-12-14:45:00,0.13,kWh
2019-11-12-15:00:00,0.41,kWh
2019-11-12-15:15:00,0.47,kWh
2019-11-12-15:30:00,0.08,kWh
2019-11-12-15:45:00,0.09,kWh
2019-11-12-16:00:00,0.09,kWh
2019-11-12-16:15:00,0.11,kWh
2019-11-12-16:30:00,0.09,kWh
2019-11-12-16:45:00,0.09,kWh
2019-11-12-17:00:00,0.11,kWh
2019-11-12-17:15:00,0.1,kWh
2019-11-12-17:30:00,0.75,kWh
2019-11-12-17:45:00,0.11,kWh
2019-11-12-18:00:00,0.09,kWh
2019-11-12-18:15:00,0.09,kWh
2019-11-12-18:30:00,0.09,kWh
2019-11-12-18:45:00,0.11,kWh
2019-11-12-19:00:00,0.1,kWh
2019-11-12-19:15:00,0.15,kWh
2019-11-12-19:30:00,0.66,kWh
2019-11-12-19:45:00,0.39,kWh
2019-11-12-20:00:00,0.23,kWh
2019-11-12-20:15:00,0.2,kWh
2019-11-12-20:30:00,0.09,kWh
2019-11-12-20:45:00,0.09,kWh
2019-11-12-21:00:00,0.11,kWh
2019-11-12-21:15:00,0.12,kWh
2019-11-12-21:30:00,0.35,kWh
2019-11-12-21:45:00,0.49,kWh
2019-11-12-22:00:00,0.09,kWh
2019-11-12-22:15:00,0.1,kWh
2019-11-12-22:30:00,0.08,kWh
2019-11-12-22:45:00,0.12,kWh
2019-11-12-23:00:00,0.11,kWh
2019-11-12-23:15:00,0.09,kWh
2019-11-12-23:30:00,0.2,kWh
2019-11-12-23:45:00,0.64,kWh
2019-11-13-00:00:00,0.1,kWh
2019-11-13-00:15:00,0.11,kWh
2019-11-13-00:30:00,0.08,kWh
2019-11-13-00:45:00,0.1,kWh
2019-11-13-01:00:00,0.1,kWh
2019-11-13-01:15:00,0.1,kWh
2019-11-13-01:30:00,0.4,kWh
2019-11-13-01:45:00,0.48,kWh
2019-11-13-02:00:00,0.1,kWh
2019-11-13-02:15:00,0.08,kWh
2019-11-13-02:30:00,0.08,kWh
2019-11-13-02:45:00,0.11,kWh
2019-11-13-03:00:00,0.09,kWh
2019-11-13-03:15:00,0.11,kWh
2019-11-13-03:30:00,0.33,kWh
2019-11-13-03:45:00,0.61,kWh
2019-11-13-04:00:00,0.2,kWh
2019-11-13-04:15:00,0.24,kWh
2019-11-13-04:30:00,0.13,kWh
2019-11-13-04:45:00,0.1,kWh
2019-11-13-05:00:00,0.14,kWh
2019-11-13-05:15:00,0.11,kWh
2019-11-13-05:30:00,0.75,kWh
2019-11-13-05:45:00,0.12,kWh
2019-11-13-06:00:00,0.11,kWh
2019-11-13-06:15:00,0.15,kWh
2019-11-13-06:30:00,0.12,kWh
2019-11-13-06:45:00,0.11,kWh
2019-11-13-07:00:00,0.13,kWh
2019-11-13-07:15:00,0.34,kWh
2019-11-13-07:30:00,0.56,kWh
2019-11-13-07:45:00,0.13,kWh
2019-11-13-08:00:00,0.23,kWh
2019-11-13-08:15:00,0.5,kWh
2019-11-13-08:30:00,0.49,kWh
2019-11-13-08:45:00,0.49,kWh
2019-11-13-09:00:00,0.51,kWh
2019-11-13-09:15:00,0.59,kWh
2019-11-13-09:30:00,0.97,kWh
2019-11-13-09:45:00,0.48,kWh
2019-11-13-10:00:00,0.46,kWh
2019-11-13-10:15:00,0.46,kWh
2019-11-13-10:30:00,0.47,kWh
2019-11-13-10:45:00,0.47,kWh
2019-11-13-11:00:00,0.46,kWh
2019-11-13-11:15:00,0.47,kWh
2019-11-13-11:30:00,0.49,kWh
2019-11-13-11:45:00,0.5,kWh
2019-11-13-12:00:00,1.08,kWh
2019-11-13-12:15:00,0.57,kWh
2019-11-13-12:30:00,0.58,kWh
2019-11-13-12:45:00,0.58,kWh
2019-11-13-13:00:00,0.5,kWh
2019-11-13-13:15:00,0.53,kWh
2019-11-13-13:30:00,0.48,kWh
2019-11-13-13:45:00,0.45,kWh
2019-11-13-14:00:00,0.46,kWh
2019-11-13-14:15:00,0.45,kWh
2019-11-13-14:30:00,1.09,kWh
2019-11-13-14:45:00,0.48,kWh
2019-11-13-15:00:00,0.47,kWh
2019-11-13-15:15:00,0.44,kWh
2019-11-13-15:30:00,0.47,kWh
2019-11-13-15:45:00,0.46,kWh
2019-11-13-16:00:00,0.32,kWh
2019-11-13-16:15:00,0.12,kWh
2019-11-13-16:30:00,0.14,kWh
2019-11-13-16:45:00,1.1,kWh
2019-11-13-17:00:00,0.47,kWh
2019-11-13-17:15:00,0.51,kWh
2019-11-13-17:30:00,0.49,kWh
2019-11-13-17:45:00,0.5,kWh
2019-11-13-18:00:00,0.6,kWh
2019-11-13-18:15:00,0.58,kWh
2019-11-13-18:30:00,0.5,kWh
2019-11-13-18:45:00,0.62,kWh
2019-11-13-19:00:00,1.06,kWh
2019-11-13-19:15:00,0.6,kWh
2019-11-13-19:30:00,0.63,kWh
2019-11-13-19:45:00,0.62,kWh
2019-11-13-20:00:00,0.64,kWh
2019-11-13-20:15:00,0.82,kWh
2019-11-13-20:30:00,0.91,kWh
2019-11-13-20:45:00,1.14,kWh
2019-11-13-21:00:00,1.15,kWh
2019-11-13-21:15:00,0.62,kWh
2019-11-13-21:30:00,0.62,kWh
2019-11-13-21:45:00,1.94,kWh
2019-11-13-22:00:00,1.91,kWh
2019-11-13-22:15:00,1.56,kWh
2019-11-13-22:30:00,0.55,kWh
2019-11-13-22:45:00,0.86,kWh
2019-11-13-23:00:00,0.82,kWh
2019-11-13-23:15:00,0.48,kWh
2019-11-13-23:30:00,0.46,kWh
2019-11-13-23:45:00,0.46,kWh
2019-11-14-00:00:00,0.47,kWh
2019-11-14-00:15:00,0.44,kWh
2019-11-14-00:30:00,0.46,kWh
2019-11-14-00:45:00,1.03,kWh
2019-11-14-01:00:00,0.46,kWh
2019-11-14-01:15:00,0.44,kWh
2019-11-14-01:30:00,0.45,kWh
2019-11-14-01:45:00,0.44,kWh
2019-11-14-02:00:00,0.48,kWh
2019-11-14-02:15:00,0.43,kWh
2019-11-14-02:30:00,0.44,kWh
2019-11-14-02:45:00,1.13,kWh
2019-11-14-03:00:00,0.45,kWh
2019-11-14-03:15:00,0.44,kWh
2019-11-14-03:30:00,0.46,kWh
2019-11-14-03:45:00,0.48,kWh
2019-11-14-04:00:00,0.46,kWh
2019-11-14-04:15:00,0.45,kWh
2019-11-14-04:30:00,0.44,kWh
2019-11-14-04:45:00,0.86,kWh
2019-11-14-05:00:00,0.67,kWh
2019-11-14-05:15:00,0.36,kWh
2019-11-14-05:30:00,0.33,kWh
2019-11-14-05:45:00,0.33,kWh
2019-11-14-06:00:00,0.33,kWh
2019-11-14-06:15:00,0.33,kWh
2019-11-14-06:30:00,0.29,kWh
2019-11-14-06:45:00,0.94,kWh
2019-11-14-07:00:00,0.28,kWh
2019-11-14-07:15:00,0.3,kWh
2019-11-14-07:30:00,0.36,kWh
2019-11-14-07:45:00,0.28,kWh
2019-11-14-08:00:00,1.6,kWh
2019-11-14-08:15:00,1.78,kWh
2019-11-14-08:30:00,1.09,kWh
2019-11-14-08:45:00,2.44,kWh
2019-11-14-09:00:00,0.5,kWh
2019-11-14-09:15:00,0.53,kWh
2019-11-14-09:30:00,0.55,kWh
2019-11-14-09:45:00,0.52,kWh
2019-11-14-10:00:00,0.47,kWh
2019-11-14-10:15:00,0.46,kWh
2019-11-14-10:30:00,0.38,kWh
2019-11-14-10:45:00,0.91,kWh
2019-11-14-11:00:00,0.21,kWh
2019-11-14-11:15:00,0.14,kWh
2019-11-14-11:30:00,0.13,kWh
2019-11-14-11:45:00,0.13,kWh
2019-11-14-12:00:00,0.14,kWh
2019-11-14-12:15:00,0.11,kWh
2019-11-14-12:30:00,0.11,kWh
2019-11-14-12:45:00,0.81,kWh
2019-11-14-13:00:00,0.28,kWh
2019-11-14-13:15:00,0.46,kWh
2019-11-14-13:30:00,0.48,kWh
2019-11-14-13:45:00,0.13,kWh
2019-11-14-14:00:00,0.09,kWh
2019-11-14-14:15:00,0.11,kWh
2019-11-14-14:30:00,0.08,kWh
2019-11-14-14:45:00,0.32,kWh
2019-11-14-15:00:00,0.49,kWh
2019-11-14-15:15:00,0.09,kWh
2019-11-14-15:30:00,0.08,kWh
2019-11-14-15:45:00,0.12,kWh
2019-11-14-16:00:00,0.11,kWh
2019-11-14-16:15:00,0.11,kWh
2019-11-14-16:30:00,0.09,kWh
2019-11-14-16:45:00,0.09,kWh
2019-11-14-17:00:00,0.08,kWh
2019-11-14-17:15:00,0.35,kWh
2019-11-14-17:30:00,0.51,kWh
2019-11-14-17:45:00,0.09,kWh
2019-11-14-18:00:00,0.08,kWh
2019-11-14-18:15:00,0.09,kWh
2019-11-14-18:30:00,0.08,kWh
2019-11-14-18:45:00,0.1,kWh
2019-11-14-19:00:00,0.08,kWh
2019-11-14-19:15:00,0.08,kWh
2019-11-14-19:30:00,0.11,kWh
2019-11-14-19:45:00,0.8,kWh
2019-11-14-20:00:00,0.21,kWh
2019-11-14-20:15:00,0.26,kWh
2019-11-14-20:30:00,0.19,kWh
2019-11-14-20:45:00,0.11,kWh
2019-11-14-21:00:00,0.08,kWh
2019-11-14-21:15:00,0.08,kWh
2019-11-14-21:30:00,0.08,kWh
2019-11-14-21:45:00,0.11,kWh
2019-11-14-22:00:00,0.7,kWh
2019-11-14-22:15:00,0.08,kWh
2019-11-14-22:30:00,0.08,kWh
2019-11-14-22:45:00,0.08,kWh
2019-11-14-23:00:00,0.1,kWh
2019-11-14-23:15:00,0.1,kWh
2019-11-14-23:30:00,0.09,kWh
2019-11-14-23:45:00,0.1,kWh
2019-11-15-00:00:00,0.08,kWh
2019-11-15-00:15:00,0.09,kWh
2019-11-15-00:30:00,0.71,kWh
2019-11-15-00:45:00,0.11,kWh
2019-11-15-01:00:00,0.12,kWh
2019-11-15-01:15:00,0.1,kWh
2019-11-15-01:30:00,0.08,kWh
2019-11-15-01:45:00,0.08,kWh
2019-11-15-02:00:00,0.08,kWh
2019-11-15-02:15:00,0.09,kWh
2019-11-15-02:30:00,0.11,kWh
2019-11-15-02:45:00,0.7,kWh
2019-11-15-03:00:00,0.14,kWh
2019-11-15-03:15:00,0.08,kWh
2019-11-15-03:30:00,0.08,kWh
2019-11-15-03:45:00,0.09,kWh
2019-11-15-04:00:00,0.11,kWh
2019-11-15-04:15:00,0.09,kWh
2019-11-15-04:30:00,0.09,kWh
2019-11-15-04:45:00,0.15,kWh
2019-11-15-05:00:00,0.21,kWh
2019-11-15-05:15:00,0.86,kWh
2019-11-15-05:30:00,0.19,kWh
2019-11-15-05:45:00,0.09,kWh
2019-11-15-06:00:00,0.1,kWh
2019-11-15-06:15:00,0.08,kWh
2019-11-15-06:30:00,0.11,kWh
2019-11-15-06:45:00,0.11,kWh
2019-11-15-07:00:00,0.12,kWh
2019-11-15-07:15:00,0.09,kWh
2019-11-15-07:30:00,0.58,kWh
2019-11-15-07:45:00,0.2,kWh
2019-11-15-08:00:00,0.09,kWh
2019-11-15-08:15:00,0.11,kWh
2019-11-15-08:30:00,0.11,kWh
2019-11-15-08:45:00,0.11,kWh
2019-11-15-09:00:00,0.1,kWh
2019-11-15-09:15:00,0.1,kWh
2019-11-15-09:30:00,0.1,kWh
2019-11-15-09:45:00,0.1,kWh
2019-11-15-10:00:00,0.11,kWh
2019-11-15-10:15:00,0.76,kWh
2019-11-15-10:30:00,0.12,kWh
2019-11-15-10:45:00,0.1,kWh
2019-11-15-11:00:00,0.1,kWh
2019-11-15-11:15:00,0.1,kWh
2019-11-15-11:30:00,0.11,kWh
2019-11-15-11:45:00,0.12,kWh
2019-11-15-12:00:00,0.11,kWh
2019-11-15-12:15:00,0.11,kWh
2019-11-15-12:30:00,0.11,kWh
2019-11-15-12:45:00,0.11,kWh
2019-11-15-13:00:00,0.12,kWh
2019-11-15-13:15:00,0.15,kWh
2019-11-15-13:30:00,0.15,kWh
2019-11-15-13:45:00,0.23,kWh
2019-11-15-14:00:00,0.23,kWh
2019-11-15-14:15:00,0.85,kWh
2019-11-15-14:30:00,0.19,kWh
2019-11-15-14:45:00,0.09,kWh
2019-11-15-15:00:00,0.08,kWh
2019-11-15-15:15:00,0.08,kWh
2019-11-15-15:30:00,0.08,kWh
2019-11-15-15:45:00,0.09,kWh
2019-11-15-16:00:00,0.1,kWh
2019-11-15-16:15:00,0.08,kWh
2019-11-15-16:30:00,0.08,kWh
2019-11-15-16:45:00,0.09,kWh
2019-11-15-17:00:00,0.08,kWh
2019-11-15-17:15:00,0.49,kWh
2019-11-15-17:30:00,0.43,kWh
2019-11-15-17:45:00,0.13,kWh
2019-11-15-18:00:00,0.12,kWh
2019-11-15-18:15:00,0.11,kWh
2019-11-15-18:30:00,0.11,kWh
2019-11-15-18:45:00,0.13,kWh
2019-11-15-19:00:00,0.13,kWh
2019-11-15-19:15:00,0.12,kWh
2019-11-15-19:30:00,0.11,kWh
2019-11-15-19:45:00,0.11,kWh
2019-11-15-20:00:00,0.11,kWh
2019-11-15-20:15:00,0.74,kWh
2019-11-15-20:30:00,0.15,kWh
2019-11-15-20:45:00,0.11,kWh
2019-11-15-21:00:00,0.11,kWh
2019-11-15-21:15:00,0.13,kWh
2019-11-15-21:30:00,0.13,kWh
2019-11-15-21:45:00,0.14,kWh
2019-11-15-22:00:00,0.11,kWh
2019-11-15-22:15:00,0.11,kWh
2019-11-15-22:30:00,0.21,kWh
2019-11-15-22:45:00,0.38,kWh
2019-11-15-23:00:00,0.74,kWh
2019-11-15-23:15:00,0.19,kWh
2019-11-15-23:30:00,0.12,kWh
2019-11-15-23:45:00,0.11,kWh
2019-11-16-00:00:00,0.11,kWh
2019-11-16-00:15:00,0.11,kWh
2019-11-16-00:30:00,0.12,kWh
2019-11-16-00:45:00,0.15,kWh
2019-11-16-01:00:00,0.12,kWh
2019-11-16-01:15:00,0.78,kWh
2019-11-16-01:30:00,0.12,kWh
2019-11-16-01:45:00,0.11,kWh
2019-11-16-02:00:00,0.13,kWh
2019-11-16-02:15:00,0.12,kWh
2019-11-16-02:30:00,0.12,kWh
2019-11-16-02:45:00,0.11,kWh
2019-11-16-03:00:00,0.11,kWh
2019-11-16-03:15:00,0.11,kWh
2019-11-16-03:30:00,0.76,kWh
2019-11-16-03:45:00,0.12,kWh
2019-11-16-04:00:00,0.1,kWh
2019-11-16-04:15:00,0.12,kWh
2019-11-16-04:30:00,0.11,kWh
2019-11-16-04:45:00,0.11,kWh
2019-11-16-05:00:00,0.13,kWh
2019-11-16-05:15:00,0.11,kWh
2019-11-16-05:30:00,0.62,kWh
2019-11-16-05:45:00,0.27,kWh
2019-11-16-06:00:00,0.12,kWh
2019-11-16-06:15:00,0.11,kWh
2019-11-16-06:30:00,0.14,kWh
2019-11-16-06:45:00,0.14,kWh
2019-11-16-07:00:00,0.11,kWh
2019-11-16-07:15:00,0.19,kWh
2019-11-16-07:30:00,0.85,kWh
2019-11-16-07:45:00,0.28,kWh
2019-11-16-08:00:00,0.15,kWh
2019-11-16-08:15:00,0.18,kWh
2019-11-16-08:30:00,0.16,kWh
2019-11-16-08:45:00,0.13,kWh
2019-11-16-09:00:00,0.11,kWh
2019-11-16-09:15:00,0.11,kWh
2019-11-16-09:30:00,0.32,kWh
2019-11-16-09:45:00,0.49,kWh
2019-11-16-10:00:00,0.11,kWh
2019-11-16-10:15:00,0.12,kWh
2019-11-16-10:30:00,0.11,kWh
2019-11-16-10:45:00,0.13,kWh
2019-11-16-11:00:00,0.12,kWh
2019-11-16-11:15:00,0.12,kWh
2019-11-16-11:30:00,0.1,kWh
2019-11-16-11:45:00,0.13,kWh
2019-11-16-12:00:00,0.12,kWh
2019-11-16-12:15:00,0.12,kWh
2019-11-16-12:30:00,0.73,kWh
2019-11-16-12:45:00,0.11,kWh
2019-11-16-13:00:00,0.11,kWh
2019-11-16-13:15:00,0.14,kWh
2019-11-16-13:30:00,0.12,kWh
2019-11-16-13:45:00,0.11,kWh
2019-11-16-14:00:00,0.11,kWh
2019-11-16-14:15:00,0.12,kWh
2019-11-16-14:30:00,0.13,kWh
2019-11-16-14:45:00,0.12,kWh
2019-11-16-15:00:00,0.4,kWh
2019-11-16-15:15:00,0.46,kWh
2019-11-16-15:30:00,0.14,kWh
2019-11-16-15:45:00,0.14,kWh
2019-11-16-16:00:00,0.13,kWh
2019-11-16-16:15:00,0.18,kWh
2019-11-16-16:30:00,0.26,kWh
2019-11-16-16:45:00,0.23,kWh
2019-11-16-17:00:00,0.18,kWh
2019-11-16-17:15:00,0.16,kWh
2019-11-16-17:30:00,0.59,kWh
2019-11-16-17:45:00,0.29,kWh
2019-11-16-18:00:00,0.14,kWh
2019-11-16-18:15:00,0.13,kWh
2019-11-16-18:30:00,0.11,kWh
2019-11-16-18:45:00,0.13,kWh
2019-11-16-19:00:00,0.13,kWh
2019-11-16-19:15:00,0.12,kWh
2019-11-16-19:30:00,0.15,kWh
2019-11-16-19:45:00,0.77,kWh
2019-11-16-20:00:00,0.12,kWh
2019-11-16-20:15:00,0.16,kWh
2019-11-16-20:30:00,0.15,kWh
2019-11-16-20:45:00,0.16,kWh
2019-11-16-21:00:00,0.16,kWh
2019-11-16-21:15:00,0.13,kWh
2019-11-16-21:30:00,0.14,kWh
2019-11-16-21:45:00,0.72,kWh
2019-11-16-22:00:00,0.15,kWh
2019-11-16-22:15:00,0.14,kWh
2019-11-16-22:30:00,0.14,kWh
2019-11-16-22:45:00,0.15,kWh
2019-11-16-23:00:00,0.15,kWh
2019-11-16-23:15:00,0.15,kWh
2019-11-16-23:30:00,0.12,kWh
2019-11-16-23:45:00,0.76,kWh
2019-11-17-00:00:00,0.15,kWh
2019-11-17-00:15:00,0.17,kWh
2019-11-17-00:30:00,0.15,kWh
2019-11-17-00:45:00,0.14,kWh
2019-11-17-01:00:00,0.16,kWh
2019-11-17-01:15:00,0.15,kWh
2019-11-17-01:30:00,0.19,kWh
2019-11-17-01:45:00,0.96,kWh
2019-11-17-02:00:00,0.23,kWh
2019-11-17-02:15:00,0.23,kWh
2019-11-17-02:30:00,0.17,kWh
2019-11-17-02:45:00,0.15,kWh
2019-11-17-03:00:00,0.14,kWh
2019-11-17-03:15:00,0.17,kWh
2019-11-17-03:30:00,0.14,kWh
2019-11-17-03:45:00,0.83,kWh
2019-11-17-04:00:00,0.18,kWh
2019-11-17-04:15:00,0.15,kWh
2019-11-17-04:30:00,0.14,kWh
2019-11-17-04:45:00,0.17,kWh
2019-11-17-05:00:00,0.15,kWh
2019-11-17-05:15:00,0.14,kWh
2019-11-17-05:30:00,0.16,kWh
2019-11-17-05:45:00,0.83,kWh
2019-11-17-06:00:00,0.15,kWh
2019-11-17-06:15:00,0.18,kWh
2019-11-17-06:30:00,0.17,kWh
2019-11-17-06:45:00,0.15,kWh
2019-11-17-07:00:00,0.14,kWh
2019-11-17-07:15:00,0.15,kWh
2019-11-17-07:30:00,0.63,kWh
2019-11-17-07:45:00,0.33,kWh
2019-11-17-08:00:00,0.12,kWh
2019-11-17-08:15:00,0.12,kWh
2019-11-17-08:30:00,0.12,kWh
2019-11-17-08:45:00,0.14,kWh
2019-11-17-09:00:00,0.14,kWh
2019-11-17-09:15:00,0.15,kWh
2019-11-17-09:30:00,0.8,kWh
2019-11-17-09:45:00,0.12,kWh
2019-11-17-10:00:00,0.13,kWh
2019-11-17-10:15:00,0.12,kWh
2019-11-17-10:30:00,0.1,kWh
2019-11-17-10:45:00,0.13,kWh
2019-11-17-11:00:00,0.25,kWh
2019-11-17-11:15:00,0.23,kWh
2019-11-17-11:30:00,0.22,kWh
2019-11-17-11:45:00,0.11,kWh
2019-11-17-12:00:00,0.73,kWh
2019-11-17-12:15:00,0.11,kWh
2019-11-17-12:30:00,0.14,kWh
2019-11-17-12:45:00,0.11,kWh
2019-11-17-13:00:00,0.12,kWh
2019-11-17-13:15:00,0.13,kWh
2019-11-17-13:30:00,0.11,kWh
2019-11-17-13:45:00,0.11,kWh
2019-11-17-14:00:00,0.14,kWh
2019-11-17-14:15:00,0.13,kWh
2019-11-17-14:30:00,0.56,kWh
2019-11-17-14:45:00,0.28,kWh
2019-11-17-15:00:00,0.14,kWh
2019-11-17-15:15:00,0.11,kWh
2019-11-17-15:30:00,0.15,kWh
2019-11-17-15:45:00,0.16,kWh
2019-11-17-16:00:00,0.12,kWh
2019-11-17-16:15:00,0.14,kWh
2019-11-17-16:30:00,0.14,kWh
2019-11-17-16:45:00,0.14,kWh
2019-11-17-17:00:00,0.13,kWh
2019-11-17-17:15:00,0.77,kWh
2019-11-17-17:30:00,0.15,kWh
2019-11-17-17:45:00,0.12,kWh
2019-11-17-18:00:00,0.11,kWh
2019-11-17-18:15:00,0.13,kWh
2019-11-17-18:30:00,0.15,kWh
2019-11-17-18:45:00,0.11,kWh
2019-11-17-19:00:00,0.14,kWh
2019-11-17-19:15:00,0.16,kWh
2019-11-17-19:30:00,0.35,kWh
2019-11-17-19:45:00,0.54,kWh
2019-11-17-20:00:00,0.33,kWh
2019-11-17-20:15:00,0.27,kWh
2019-11-17-20:30:00,0.4,kWh
2019-11-17-20:45:00,0.63,kWh
2019-11-17-21:00:00,0.61,kWh
2019-11-17-21:15:00,0.68,kWh
2019-11-17-21:30:00,0.9,kWh
2019-11-17-21:45:00,1.2,kWh
2019-11-17-22:00:00,0.92,kWh
2019-11-17-22:15:00,0.78,kWh
2019-11-17-22:30:00,0.55,kWh
2019-11-17-22:45:00,0.55,kWh
2019-11-17-23:00:00,0.54,kWh
2019-11-17-23:15:00,0.56,kWh
2019-11-17-23:30:00,0.53,kWh
2019-11-17-23:45:00,0.55,kWh
2019-11-18-00:00:00,1.09,kWh
2019-11-18-00:15:00,0.73,kWh
2019-11-18-00:30:00,0.57,kWh
2019-11-18-00:45:00,0.56,kWh
2019-11-18-01:00:00,0.55,kWh
2019-11-18-01:15:00,0.5,kWh
2019-11-18-01:30:00,0.46,kWh
2019-11-18-01:45:00,0.45,kWh
2019-11-18-02:00:00,0.44,kWh
2019-11-18-02:15:00,0.44,kWh
2019-11-18-02:30:00,0.79,kWh
2019-11-18-02:45:00,0.78,kWh
2019-11-18-03:00:00,0.45,kWh
2019-11-18-03:15:00,0.44,kWh
2019-11-18-03:30:00,0.43,kWh
2019-11-18-03:45:00,0.44,kWh
2019-11-18-04:00:00,0.45,kWh
2019-11-18-04:15:00,0.47,kWh
2019-11-18-04:30:00,0.44,kWh
2019-11-18-04:45:00,0.45,kWh
2019-11-18-05:00:00,0.7,kWh
2019-11-18-05:15:00,0.84,kWh
2019-11-18-05:30:00,0.47,kWh
2019-11-18-05:45:00,0.59,kWh
2019-11-18-06:00:00,0.66,kWh
2019-11-18-06:15:00,0.51,kWh
2019-11-18-06:30:00,0.5,kWh
2019-11-18-06:45:00,0.47,kWh
2019-11-18-07:00:00,0.48,kWh
2019-11-18-07:15:00,0.6,kWh
2019-11-18-07:30:00,1.1,kWh
2019-11-18-07:45:00,0.75,kWh
2019-11-18-08:00:00,0.33,kWh
2019-11-18-08:15:00,0.58,kWh
2019-11-18-08:30:00,0.64,kWh
2019-11-18-08:45:00,0.61,kWh
2019-11-18-09:00:00,0.61,kWh
2019-11-18-09:15:00,0.63,kWh
2019-11-18-09:30:00,0.51,kWh
2019-11-18-09:45:00,0.5,kWh
2019-11-18-10:00:00,0.97,kWh
2019-11-18-10:15:00,0.22,kWh
2019-11-18-10:30:00,0.13,kWh
2019-11-18-10:45:00,0.15,kWh
2019-11-18-11:00:00,0.13,kWh
2019-11-18-11:15:00,0.19,kWh
2019-11-18-11:30:00,0.5,kWh
2019-11-18-11:45:00,0.51,kWh
2019-11-18-12:00:00,0.53,kWh
2019-11-18-12:15:00,0.52,kWh
2019-11-18-12:30:00,1.14,kWh
2019-11-18-12:45:00,0.5,kWh
2019-11-18-13:00:00,0.52,kWh
2019-11-18-13:15:00,0.55,kWh
2019-11-18-13:30:00,0.58,kWh
2019-11-18-13:45:00,0.5,kWh
2019-11-18-14:00:00,0.51,kWh
2019-11-18-14:15:00,0.53,kWh
2019-11-18-14:30:00,0.5,kWh
2019-11-18-14:45:00,0.51,kWh
2019-11-18-15:00:00,0.29,kWh
2019-11-18-15:15:00,0.93,kWh
2019-11-18-15:30:00,0.64,kWh
2019-11-18-15:45:00,0.56,kWh
2019-11-18-16:00:00,0.52,kWh
2019-11-18-16:15:00,0.54,kWh
2019-11-18-16:30:00,0.51,kWh
2019-11-18-16:45:00,0.58,kWh
2019-11-18-17:00:00,0.6,kWh
2019-11-18-17:15:00,0.66,kWh
2019-11-18-17:30:00,0.74,kWh
2019-11-18-17:45:00,0.69,kWh
2019-11-18-18:00:00,0.77,kWh
2019-11-18-18:15:00,0.94,kWh
2019-11-18-18:30:00,0.54,kWh
2019-11-18-18:45:00,0.58,kWh
2019-11-18-19:00:00,0.73,kWh
2019-11-18-19:15:00,0.93,kWh
2019-11-18-19:30:00,0.86,kWh
2019-11-18-19:45:00,0.78,kWh
2019-11-18-20:00:00,0.73,kWh
2019-11-18-20:15:00,0.72,kWh
2019-11-18-20:30:00,0.71,kWh
2019-11-18-20:45:00,0.79,kWh
2019-11-18-21:00:00,1.17,kWh
2019-11-18-21:15:00,1.99,kWh
2019-11-18-21:30:00,1.98,kWh
2019-11-18-21:45:00,1.56,kWh
2019-11-18-22:00:00,0.79,kWh
2019-11-18-22:15:00,0.71,kWh
2019-11-18-22:30:00,0.69,kWh
2019-11-18-22:45:00,0.65,kWh
2019-11-18-23:00:00,0.63,kWh
2019-11-18-23:15:00,0.6,kWh
2019-11-18-23:30:00,0.91,kWh
2019-11-18-23:45:00,0.95,kWh
2019-11-19-00:00:00,0.63,kWh
2019-11-19-00:15:00,0.61,kWh
2019-11-19-00:30:00,0.61,kWh
2019-11-19-00:45:00,0.6,kWh
2019-11-19-01:00:00,0.61,kWh
2019-11-19-01:15:00,0.61,kWh
2019-11-19-01:30:00,0.51,kWh
2019-11-19-01:45:00,0.49,kWh
2019-11-19-02:00:00,0.49,kWh
2019-11-19-02:15:00,0.39,kWh
2019-11-19-02:30:00,1.03,kWh
2019-11-19-02:45:00,0.37,kWh
2019-11-19-03:00:00,0.34,kWh
2019-11-19-03:15:00,0.26,kWh
2019-11-19-03:30:00,0.2,kWh
2019-11-19-03:45:00,0.18,kWh
2019-11-19-04:00:00,0.14,kWh
2019-11-19-04:15:00,0.16,kWh
2019-11-19-04:30:00,0.14,kWh
2019-11-19-04:45:00,0.13,kWh
2019-11-19-05:00:00,0.13,kWh
2019-11-19-05:15:00,0.79,kWh
2019-11-19-05:30:00,0.12,kWh
2019-11-19-05:45:00,0.15,kWh
2019-11-19-06:00:00,0.14,kWh
2019-11-19-06:15:00,0.13,kWh
2019-11-19-06:30:00,0.12,kWh
2019-11-19-06:45:00,0.12,kWh
2019-11-19-07:00:00,0.16,kWh
2019-11-19-07:15:00,0.18,kWh
2019-11-19-07:30:00,0.26,kWh
2019-11-19-07:45:00,0.16,kWh
2019-11-19-08:00:00,1.02,kWh
2019-11-19-08:15:00,0.28,kWh
2019-11-19-08:30:00,0.53,kWh
2019-11-19-08:45:00,0.51,kWh
2019-11-19-09:00:00,0.54,kWh
2019-11-19-09:15:00,0.54,kWh
2019-11-19-09:30:00,0.54,kWh
2019-11-19-09:45:00,0.43,kWh
2019-11-19-10:00:00,0.34,kWh
2019-11-19-10:15:00,0.32,kWh
2019-11-19-10:30:00,0.39,kWh
2019-11-19-10:45:00,0.58,kWh
2019-11-19-11:00:00,0.15,kWh
2019-11-19-11:15:00,0.14,kWh
2019-11-19-11:30:00,0.13,kWh
2019-11-19-11:45:00,0.14,kWh
2019-11-19-12:00:00,0.14,kWh
2019-11-19-12:15:00,0.16,kWh
2019-11-19-12:30:00,0.14,kWh
2019-11-19-12:45:00,0.17,kWh
2019-11-19-13:00:00,0.16,kWh
2019-11-19-13:15:00,0.27,kWh
2019-11-19-13:30:00,0.69,kWh
2019-11-19-13:45:00,0.16,kWh
2019-11-19-14:00:00,0.14,kWh
2019-11-19-14:15:00,0.15,kWh
2019-11-19-14:30:00,0.14,kWh
2019-11-19-14:45:00,0.14,kWh
2019-11-19-15:00:00,0.23,kWh
2019-11-19-15:15:00,0.5,kWh
2019-11-19-15:30:00,0.53,kWh
2019-11-19-15:45:00,0.5,kWh
2019-11-19-16:00:00,0.92,kWh
2019-11-19-16:15:00,0.56,kWh
2019-11-19-16:30:00,0.45,kWh
2019-11-19-16:45:00,0.29,kWh
2019-11-19-17:00:00,0.25,kWh
2019-11-19-17:15:00,0.21,kWh
2019-11-19-17:30:00,0.15,kWh
2019-11-19-17:45:00,0.21,kWh
2019-11-19-18:00:00,0.39,kWh
2019-11-19-18:15:00,0.43,kWh
2019-11-19-18:30:00,0.28,kWh
2019-11-19-18:45:00,0.87,kWh
2019-11-19-19:00:00,0.25,kWh
2019-11-19-19:15:00,0.14,kWh
2019-11-19-19:30:00,0.14,kWh
2019-11-19-19:45:00,0.32,kWh
2019-11-19-20:00:00,0.23,kWh
2019-11-19-20:15:00,0.29,kWh
2019-11-19-20:30:00,0.51,kWh
2019-11-19-20:45:00,0.46,kWh
2019-11-19-21:00:00,0.32,kWh
2019-11-19-21:15:00,0.27,kWh
2019-11-19-21:30:00,0.9,kWh
2019-11-19-21:45:00,0.26,kWh
2019-11-19-22:00:00,0.25,kWh
2019-11-19-22:15:00,0.28,kWh
2019-11-19-22:30:00,0.3,kWh
2019-11-19-22:45:00,0.21,kWh
2019-11-19-23:00:00,0.2,kWh
2019-11-19-23:15:00,0.18,kWh
2019-11-19-23:30:00,0.18,kWh
2019-11-19-23:45:00,0.2,kWh
2019-11-20-00:00:00,0.2,kWh
2019-11-20-00:15:00,0.83,kWh
2019-11-20-00:30:00,0.2,kWh
2019-11-20-00:45:00,0.13,kWh
2019-11-20-01:00:00,0.09,kWh
2019-11-20-01:15:00,0.12,kWh
2019-11-20-01:30:00,0.1,kWh
2019-11-20-01:45:00,0.1,kWh
2019-11-20-02:00:00,0.1,kWh
2019-11-20-02:15:00,0.09,kWh
2019-11-20-02:30:00,0.11,kWh
2019-11-20-02:45:00,0.72,kWh
2019-11-20-03:00:00,0.08,kWh
2019-11-20-03:15:00,0.11,kWh
2019-11-20-03:30:00,0.07,kWh
2019-11-20-03:45:00,0.09,kWh
2019-11-20-04:00:00,0.1,kWh
2019-11-20-04:15:00,0.08,kWh
2019-11-20-04:30:00,0.08,kWh
2019-11-20-04:45:00,0.07,kWh
2019-11-20-05:00:00,0.08,kWh
2019-11-20-05:15:00,0.1,kWh
2019-11-20-05:30:00,0.74,kWh
2019-11-20-05:45:00,0.09,kWh
2019-11-20-06:00:00,0.09,kWh
2019-11-20-06:15:00,0.08,kWh
2019-11-20-06:30:00,0.08,kWh
2019-11-20-06:45:00,0.11,kWh
2019-11-20-07:00:00,0.14,kWh
2019-11-20-07:15:00,0.09,kWh
2019-11-20-07:30:00,0.23,kWh
2019-11-20-07:45:00,0.1,kWh
2019-11-20-08:00:00,0.18,kWh
2019-11-20-08:15:00,0.81,kWh
2019-11-20-08:30:00,0.49,kWh
2019-11-20-08:45:00,0.52,kWh
2019-11-20-09:00:00,0.71,kWh
2019-11-20-09:15:00,0.63,kWh
2019-11-20-09:30:00,0.62,kWh
2019-11-20-09:45:00,0.68,kWh
2019-11-20-10:00:00,0.61,kWh
2019-11-20-10:15:00,0.67,kWh
2019-11-20-10:30:00,0.28,kWh
2019-11-20-10:45:00,0.39,kWh
2019-11-20-11:00:00,0.63,kWh
2019-11-20-11:15:00,0.11,kWh
2019-11-20-11:30:00,0.1,kWh
2019-11-20-11:45:00,0.12,kWh
2019-11-20-12:00:00,0.11,kWh
2019-11-20-12:15:00,0.12,kWh
2019-11-20-12:30:00,0.13,kWh
2019-11-20-12:45:00,0.14,kWh
2019-11-20-13:00:00,0.13,kWh
2019-11-20-13:15:00,0.12,kWh
2019-11-20-13:30:00,0.72,kWh
2019-11-20-13:45:00,0.14,kWh
2019-11-20-14:00:00,0.14,kWh
2019-11-20-14:15:00,0.11,kWh
2019-11-20-14:30:00,0.11,kWh
2019-11-20-14:45:00,0.12,kWh
2019-11-20-15:00:00,0.12,kWh
2019-11-20-15:15:00,0.14,kWh
2019-11-20-15:30:00,0.13,kWh
2019-11-20-15:45:00,0.13,kWh
2019-11-20-16:00:00,0.26,kWh
2019-11-20-16:15:00,0.67,kWh
2019-11-20-16:30:00,0.49,kWh
2019-11-20-16:45:00,0.41,kWh
2019-11-20-17:00:00,0.15,kWh
2019-11-20-17:15:00,0.51,kWh
2019-11-20-17:30:00,0.5,kWh
2019-11-20-17:45:00,0.77,kWh
2019-11-20-18:00:00,0.66,kWh
2019-11-20-18:15:00,0.6,kWh
2019-11-20-18:30:00,0.59,kWh
2019-11-20-18:45:00,0.8,kWh
2019-11-20-19:00:00,1.03,kWh
2019-11-20-19:15:00,0.69,kWh
2019-11-20-19:30:00,1.09,kWh
2019-11-20-19:45:00,2.02,kWh
2019-11-20-20:00:00,1.86,kWh
2019-11-20-20:15:00,0.91,kWh
2019-11-20-20:30:00,0.92,kWh
2019-11-20-20:45:00,0.27,kWh
2019-11-20-21:00:00,1.17,kWh
2019-11-20-21:15:00,1.04,kWh
2019-11-20-21:30:00,1.35,kWh
2019-11-20-21:45:00,1.14,kWh
2019-11-20-22:00:00,0.99,kWh
2019-11-20-22:15:00,0.41,kWh
2019-11-20-22:30:00,0.17,kWh
2019-11-20-22:45:00,0.12,kWh
2019-11-20-23:00:00,0.17,kWh
2019-11-20-23:15:00,0.18,kWh
2019-11-20-23:30:00,0.19,kWh
2019-11-20-23:45:00,0.21,kWh
2019-11-21-00:00:00,0.85,kWh
